{
	"class_name" : "PinholeCameraParameters",
	"extrinsic" : 
	[
		0.86643174397808453,
		-0.26230870720132965,
		0.42484135292302022,
		0.0,
		-0.49367124388780503,
		-0.57741312064865702,
		0.65029438799750294,
		0.0,
		0.074731091155973678,
		-0.7731676598443229,
		-0.62978332288612648,
		0.0,
		-7.8278461995385218,
		20.900016379231623,
		30.454990105754948,
		1.0
	],
	"intrinsic" : 
	{
		"height" : 1050,
		"intrinsic_matrix" : 
		[
			909.3266739736606,
			0.0,
			0.0,
			0.0,
			909.3266739736606,
			0.0,
			959.5,
			524.5,
			1.0
		],
		"width" : 1920
	},
	"version_major" : 1,
	"version_minor" : 0
}