{
	"class_name" : "PinholeCameraParameters",
	"extrinsic" : 
	[
		0.95624839426683206,
		-0.18998943548169611,
		-0.22247027412095255,
		0.0,
		0.081549266606515958,
		-0.55719415576494979,
		0.82636819269459072,
		0.0,
		-0.28096036300169591,
		-0.80835554503370066,
		-0.51732251761857806,
		0.0,
		-39.945663108613175,
		34.759825248193081,
		78.423126805347181,
		1.0
	],
	"intrinsic" : 
	{
		"height" : 1050,
		"intrinsic_matrix" : 
		[
			909.3266739736606,
			0.0,
			0.0,
			0.0,
			909.3266739736606,
			0.0,
			959.5,
			524.5,
			1.0
		],
		"width" : 1920
	},
	"version_major" : 1,
	"version_minor" : 0
}