{
	"class_name" : "PinholeCameraParameters",
	"extrinsic" : 
	[
		0.99495245619733341,
		0.082303466869876482,
		-0.057408616496938375,
		0.0,
		0.092438661840123143,
		-0.5291128677337934,
		0.84350143271705746,
		0.0,
		0.039047454514997054,
		-0.84455059797487586,
		-0.53405016969960684,
		0.0,
		-20.436823530034786,
		14.677202567255506,
		37.374282180182291,
		1.0
	],
	"intrinsic" : 
	{
		"height" : 1050,
		"intrinsic_matrix" : 
		[
			909.3266739736606,
			0.0,
			0.0,
			0.0,
			909.3266739736606,
			0.0,
			959.5,
			524.5,
			1.0
		],
		"width" : 1920
	},
	"version_major" : 1,
	"version_minor" : 0
}