{
	"class_name" : "PinholeCameraParameters",
	"extrinsic" : 
	[
		-0.64746780101703683,
		-0.53622393583162142,
		0.54152501076811588,
		0.0,
		-0.76055608777581063,
		0.40955039256598458,
		-0.50380840931469328,
		0.0,
		0.048372347403412438,
		-0.73805986653542766,
		-0.67299907088820732,
		0.0,
		27.794050890877109,
		6.5025959291283364,
		51.341037640330555,
		1.0
	],
	"intrinsic" : 
	{
		"height" : 1050,
		"intrinsic_matrix" : 
		[
			909.3266739736606,
			0.0,
			0.0,
			0.0,
			909.3266739736606,
			0.0,
			959.5,
			524.5,
			1.0
		],
		"width" : 1920
	},
	"version_major" : 1,
	"version_minor" : 0
}