{
	"class_name" : "PinholeCameraParameters",
	"extrinsic" : 
	[
		-0.43203631202994741,
		-0.39128552873638678,
		0.81255169687168105,
		0.0,
		-0.90182125863789986,
		0.17950678285689811,
		-0.39305945145374721,
		0.0,
		0.0079399342765646697,
		-0.90259234979577174,
		-0.43042305646169926,
		0.0,
		53.59189773797258,
		14.077762180890833,
		84.827505207244414,
		1.0
	],
	"intrinsic" : 
	{
		"height" : 1050,
		"intrinsic_matrix" : 
		[
			909.3266739736606,
			0.0,
			0.0,
			0.0,
			909.3266739736606,
			0.0,
			959.5,
			524.5,
			1.0
		],
		"width" : 1920
	},
	"version_major" : 1,
	"version_minor" : 0
}