{
	"class_name" : "PinholeCameraParameters",
	"extrinsic" : 
	[
		0.7266373999749508,
		-0.56578324205067054,
		0.38972735594550706,
		0.0,
		-0.68554230590786591,
		-0.63432101547626785,
		0.35730742524565928,
		0.0,
		0.045053698717968209,
		-0.52680752874250847,
		-0.84878972183459067,
		0.0,
		-1.9051615050937558,
		52.122814738059219,
		75.680452612136577,
		1.0
	],
	"intrinsic" : 
	{
		"height" : 1050,
		"intrinsic_matrix" : 
		[
			909.3266739736606,
			0.0,
			0.0,
			0.0,
			909.3266739736606,
			0.0,
			959.5,
			524.5,
			1.0
		],
		"width" : 1920
	},
	"version_major" : 1,
	"version_minor" : 0
}