{
	"class_name" : "PinholeCameraParameters",
	"extrinsic" : 
	[
		0.96091852590332927,
		0.19493838280514766,
		-0.19655689630508175,
		0.0,
		0.25225996514510007,
		-0.32415684584036186,
		0.91174955403324487,
		0.0,
		0.11401972005212897,
		-0.92570047326559235,
		-0.36066346811826194,
		0.0,
		-49.556446781691932,
		11.213027930681797,
		74.298532524226175,
		1.0
	],
	"intrinsic" : 
	{
		"height" : 1050,
		"intrinsic_matrix" : 
		[
			909.3266739736606,
			0.0,
			0.0,
			0.0,
			909.3266739736606,
			0.0,
			959.5,
			524.5,
			1.0
		],
		"width" : 1920
	},
	"version_major" : 1,
	"version_minor" : 0
}